DROP TABLE IF EXISTS Users, Theory, Practical,ProjectCourse,TheoryCourse, PracticalCourse, Project, DepartmentClasses, Dept_duty, VAC;

CREATE TABLE Users (
    faculty_id VARCHAR(50) PRIMARY KEY,
    f_name VARCHAR(100),
    password VARCHAR(100),
    entity VARCHAR(100),
    role_in_dept VARCHAR(100),
    CONSTRAINT entity_check CHECK (entity IN ('user', 'admin')),
    CONSTRAINT role_check CHECK (role_in_dept IN ('faculty', 'hod', 'non_teaching_staff'))
);

CREATE TABLE TheoryCourse (
    course_code VARCHAR(10),
    course_name VARCHAR(100),
    semester INT,
    sessionn VARCHAR(100),
    CONSTRAINT pk_cccn PRIMARY KEY(course_code,course_name)
);

CREATE TABLE PracticalCourse (
    course_code VARCHAR(10),
    course_name VARCHAR(100),
    semester INT,
    sessionn VARCHAR(100),
    PRIMARY key(course_code,course_name)
);

CREATE TABLE ProjectCourse(
    course_code VARCHAR(10),
    course_name VARCHAR(100),
    semester INT,
    sessionn VARCHAR(100),
    PRIMARY key(course_code,course_name)
);

CREATE TABLE Theory (
    faculty_id VARCHAR(50),
    course_code VARCHAR(10),
    day_of_the_week VARCHAR(50),
    hour_of_the_week VARCHAR(50),
    handled_duration VARCHAR(50),
    section VARCHAR(100),
    sessionn VARCHAR(100),
    CONSTRAINT fk_courses FOREIGN KEY(course_code) REFERENCES TheoryCourse(course_code) ON DELETE CASCADE,
    CONSTRAINT fk_fid FOREIGN KEY(faculty_id) REFERENCES Users(faculty_id) ON DELETE CASCADE 
);

CREATE TABLE Practical (
    faculty_id VARCHAR(50),
    course_code VARCHAR(10),
    day_of_the_week VARCHAR(50),
    hour_of_the_week_start VARCHAR(50),
    hour_of_the_week_end VARCHAR(45),
    section VARCHAR(50),
    handled_duration VARCHAR(100),
    sessionn VARCHAR(100),
    PRIMARY KEY (faculty_id, course_code, day_of_the_week, hour_of_the_week_start, hour_of_the_week_end),
    CONSTRAINT fk_pcourses FOREIGN KEY(course_code) REFERENCES PracticalCourse(course_code) ON DELETE CASCADE,
    CONSTRAINT fk_pfid FOREIGN KEY(faculty_id) REFERENCES Users(faculty_id) ON DELETE CASCADE
);

CREATE TABLE Project(
    faculty_id VARCHAR(50),
    course_code VARCHAR(10),
    day_of_the_week VARCHAR(50),
    hour_of_the_week_start VARCHAR(50),
    hour_of_the_week_end VARCHAR(50),
    section VARCHAR(50),
    handled_duration VARCHAR(100),
    sessionn VARCHAR(100),
    PRIMARY KEY (faculty_id, course_code, day_of_the_week, hour_of_the_week_start, hour_of_the_week_end),
    CONSTRAINT fk_coursespra FOREIGN KEY(course_code) REFERENCES ProjectCourse(course_code) ON DELETE CASCADE,
    CONSTRAINT fk_profid FOREIGN KEY(faculty_id) REFERENCES Users(faculty_id) ON DELETE CASCADE
);

CREATE TABLE Dept_duty (
    faculty_id VARCHAR(50),
    Responsibilty VARCHAR(100),
    primary key(faculty_id,Responsibilty)
);

CREATE TABLE VAC(
    course_code VARCHAR(10),
    course_name VARCHAR(100),
    semester INT,
    sessionn VARCHAR(100),
    CONSTRAINT pk_cccn PRIMARY KEY(course_code,course_name)
);

INSERT INTO Users VALUES
  ('shahinaa@ssn.edu.in','Shahina A','Welcome123','admin','faculty'),
  ('aravindanc@ssn.edu.in','Aravindan C','Welcome123','user','faculty'),
  ('srinivasanr@ssn.edu.in','Srinivasan R','Welcome123','user','faculty'),
  ('sivamuruganv@ssn.edu.in', 'Sivamurugan V', 'Welcome123', 'user', 'faculty'),
  ('skarthika@ssn.edu.in','Karthika S','Welcome123','user','faculty'),
  ('mohanas@ssn.edu.in','Mohanavalli S','Welcome123','user','faculty'),
  ('vasukip@ssn.edu.in', 'Vasuki P', 'Welcome123', 'user', 'faculty'),
  ('sripriyan@ssn.edu.in', 'Sripriya N', 'Welcome123', 'user', 'faculty'),
  ('uthayankr@ssn.edu.in', 'Uthayan K R', 'Welcome123', 'user', 'faculty'),
  ('joelouisi@ssn.edu.in', 'Joe Louis Paul I', 'Welcome123', 'user', 'faculty'),
  ('malathyem@ssn.edu.in', 'Malathy E M', 'Welcome123', 'user', 'faculty'),
  ('radhan@ssn.edu.in', 'Radha N', 'Welcome123', 'user', 'faculty'),
  ('gayathriks@ssn.edu.in', 'Gayathri K S', 'Welcome123', 'user', 'faculty'),
  ('swathikar@ssn.edu.in', 'Swathika R', 'Welcome123', 'user', 'faculty'),
  ('sandanakaruppana@ssn.edu.in', 'Sandana Karuppan A', 'Welcome123', 'user', 'faculty'),
  ('arulkumarv@ssn.edu.in', 'Arulkumar A', 'Welcome123', 'user', 'faculty'),
  ('sofiajenniferj@ssn.edu.in', 'Sofia Jennifer J', 'Welcome123', 'user', 'faculty'),
  ('umamaheswaris@ssn.edu.in', 'Uma Maheswari S', 'Welcome123', 'user', 'faculty'),
  ('senthil@ssn.edu.in', 'Senthil Kumar B', 'Welcome123', 'user', 'faculty'),
  ('josephinejulinajk@ssn.edu.in', 'Kulandai Josephine Julina J', 'Welcome123', 'user', 'faculty'),
  ('durgadeviv@ssn.edu.in', 'Durgadevi Velusamy', 'Welcome123', 'user', 'faculty'),
  ('saravanana@ssn.edu.in', 'Saravanan A', 'Welcome123', 'user', 'faculty'),
  ('suganyae@ssn.edu.in', 'Suganya Elavarasan', 'Welcome123', 'user', 'faculty'),
  ('sornavallig@ssn.edu.in', 'Sornavalli G', 'Welcome123', 'user', 'faculty'),
  ('anithas@ssn.edu.in', 'Anitha S', 'Welcome123', 'user', 'faculty'),
  ('rajalaxmitm@ssn.edu.in', 'T. M. Rajalaxmi', 'Welcome123', 'user', 'faculty'),
  ('vanithas@ssn.edu.in', 'Vanitha S', 'Welcome123', 'user', 'faculty'),
  ('shanmugapriyam@ssn.edu.in', 'M. Shanmugapriya', 'Welcome123', 'user', 'faculty'),
  ('julieCharles@ssn.edu.in', 'Julie Charles', 'Welcome123', 'user', 'faculty'),
  ('anandhababug@ssn.edu.in', 'G. Anandha Babu', 'Welcome123', 'user', 'faculty'),
  ('nithyar@ssn.edu.in', 'R.Nithya', 'Welcome123', 'user', 'faculty'),
  ('kavitham@ssn.edu.in', 'M.Kavitha', 'Welcome123', 'user', 'faculty'),
  ('DivyaJohn@ssn.edu.in', 'Divya John', 'Welcome123', 'user', 'faculty'),
  ('shyamalabharathym@ssn.edu.in', 'M.Shyamalabharathi', 'Welcome123', 'user', 'faculty'),
  ('padmapriyan@ssn.edu.in', 'N.Padmapriya', 'Welcome123', 'user', 'faculty'),
  ('sivakumarb@ssn.edu.in', 'B.Sivakumar', 'Welcome123', 'user', 'faculty'),
  ('sundarakannanm@ssn.edu.in', 'M.SUNDARAKANNAN', 'Welcome123', 'user', 'faculty'),
  ('kishorer@ssn.edu.in', 'R.Kishore', 'Welcome123', 'user', 'faculty'),
  ('partibaneb@ssn.edu.in', 'B.Partibane', 'Welcome123', 'user', 'faculty'),
  ('annaduraic@ssn.edu.in', 'C.Annadurai', 'Welcome123', 'user', 'faculty'),
  ('sampathkumars@ssn.edu.in', 'S.Sampath Kumar', 'Welcome123', 'user', 'faculty');

INSERT INTO TheoryCourse VALUES 
  ('UIT2601', 'Pattern Recognition and Machine Learning', 6,'feb-jul'),
  ('CS1006T', 'Data Structures', 2,'feb-jul'),
  ('CS1002', 'Programming in Python', 1,'sep-dec'),
  ('PIF2216','Internship with Seminar', 2,'feb-jul'),
  ('UIT2722', 'Bio Inspired Optimization Techniques', 7,'feb-jul'),
  ('UIT2401', 'Microprocessor and Microcontroller',  4,'feb-jul'),
  ('UIT2611', 'Mobile Application Development Lab',  6,'feb-jul'),
  ('PIF2229', 'Data Visusalization and Analytics',  5,'feb-jul'),
  ('UIT2402', 'Advanced Data Structures and Algorithm Analysis', 4,'feb-jul'),
  ('UIT2404', 'Automata Theory and Compiler Design', 4,'feb-jul'),
  ('UIT2201', 'Programming and Data Structures', 2,'feb-jul'),
  ('UGE1576', 'Professional Ethics', 5,'feb-jul'),
  ('PIF2224', 'Full Stack Web Application Development', 7,'feb-jul'),
  ('UIT2403', 'Data Communication and Networks', 4,'feb-jul'),
  ('UIT2603', 'Internet of Things and C Programming', 6,'feb-jul'),
  ('UIT2042', 'Database and Application Development', 6,'feb-jul'),
  ('UIT2602', 'Web Programming',6,'feb-jul'),
  ('PIF2228', 'Mobile App Development',6,'feb-jul'),
  ('UIT2736', 'Text Analysis',7,'feb-jul'),
  ('PIF2202', 'Data Engineering and Management',2,'feb-jul'),
  ('UIT2627', 'Introduction to AR/VR/MR/XR', 6,'feb-jul'),
  ('PIF2201', 'Deep Learning for Computer Vision',null,'feb-jul'),
  ('UIT2046', 'Introduction to Data Science', null,'feb-jul'),
  ('UIT1831', 'Soft Computing and its applications', 8,'feb-jul'),
  ('UMA2476','Probability and Statistics',4,'feb-jul'),
  ('AHS2476','Indian Constitution',4,'feb-jul'),

  ('PIF2102','Advanced Artificial Intelligence',1, 'sep-dec'),
  ('UIT2522', 'Optimization Techniques for Machine Learning(Honors)',5, 'sep-dec'),
  ('UIT2521', 'Information Theory and Application(PE-1)',5, 'sep-dec'),
  ('UIT1731', 'Introduction to Deep Learning(PE-IV)',8, 'sep-dec'),
  ('PIF2101', 'Design and Analysis of Concurrent Structures and Algorithm',1, 'sep-dec'),
  ('PIF2321', 'Reinforcement Learning(PE-IV)',3, 'sep-dec'),
  ('UIT2301', 'Programming and Design Patterns',3, 'sep-dec'),
  ('UIT2502', 'Data Analytics and Visualization',5, 'sep-dec'),
  ('UIT2501', 'Principles of Engineering and Practices',5, 'sep-dec'),
  ('UIT2302', 'Database Technology',3, 'sep-dec'),
  ('UIT2622', 'Advanced Artificial Intelligence Techniques',5, 'sep-dec'),
  ('UIT1723', 'Developments and Operations(DevOps)(PE-III)',7, 'sep-dec'),
  ('UIT2526', 'Software Architeture and Principles(PE-I)',5, 'sep-dec'),
  ('UIT2521', 'Information theory and Application(PE-I)',5, 'sep-dec'),
  ('UBM2304', 'OOPS and Java Programming',3, 'sep-dec'),
  ('UIT2503', 'Principal of Operating Systems',5, 'sep-dec'),
  ('UIT1702', 'Network Security',7, 'sep-dec'),
  ('PIF2301', 'Deep learning for Language and Speech Technologies',3, 'sep-dec'),
  ('UIT2304', 'Digital Logic and Computer Organization',3, 'sep-dec'),
  ('UEC2304', 'OOPS and Data Structures',3, 'sep-dec'),
  ('UIT2504', 'Artificial Intelligence',5, 'sep-dec'),
  ('UGE2176', 'Problem Solving and Programming in Python',1, 'sep-dec'),
  ('UIT1701', 'Cloud Computing and Virtualization',7, 'sep-dec'),
  ('UIT1721', 'Principles of Software Project Management(PE-III)',7, 'sep-dec'),
  ('UHS2376', 'Universal Human Values 2: Understanding Harmony',3, 'sep-dec'),
  ('PMA2161', 'Mathematics for AI and ML',1, 'sep-dec'),
  ('UIT1703', 'Management Principles and Practices',7, 'sep-dec'),
  ('UBA2541', 'Principles of Management',5, 'sep-dec'),
  ('UMA2377', 'Discrete Mathematics',3, 'sep-dec'),
  ('UIT2305', 'Introduction to Digital Communication',3, 'sep-dec');


INSERT INTO PracticalCourse VALUES 
  ('UIT2601', 'Pattern Recognition and Machine Learning Lab', 6,'feb-jul'),
  ('UIT2412', 'Digital System and Microprocessor Lab', 4,'feb-jul'),
  ('UIT2611', 'Mobile Application Development Lab',  6,'feb-jul'),
  ('UIT2402', 'Advanced Data Structures and Algorithm Analysis Lab',  4,'feb-jul'),
  ('UIT2201', 'Programming and Data Structures Lab',  2,'feb-jul'),
  ('UIT2602', 'Web Programming Lab', 6,'feb-jul'),
  ('UIT2411', 'Network Programming Lab',  4,'feb-jul'),
  ('UIT2603', 'Internet of Things and C Programming Lab',  6,'feb-jul'),
  ('PIF2229', 'Data Visusalization and Analytics',  5,'feb-jul'),
  ('PIF2224', 'Full Stack Web Application Development', 7,'feb-jul'),
  ('PIF2228', 'Mobile App Development',6,'feb-jul'),
  ('PIF2212', 'Data Engineering and Management Lab', null,'feb-jul'),
  ('PIF2211', 'Deep Learning for Computer Vision Lab', null,'feb-jul'),

  ('PIF2111', 'Programming with Concurrent Structure and Algorithm Lab',1,'sep-dec'),
  ('UIT2312', 'Programming and Design Pattern Lab',3, 'sep-dec'),
  ('UIT2311', 'Database Technology Lab',3, 'sep-dec'),
  ('UGE2197', 'Programming in Python Lab',1, 'sep-dec'),
  ('UIT2512', 'Operating Systems Practices Lab',5, 'sep-dec'),
  ('UEC2312', 'OOPS and Data Structures',3, 'sep-dec'),
  ('UIT1711', 'Mobile Application Development Lab',7, 'sep-dec'),
  ('UIT2511', 'Software Development Project-II',5, 'sep-dec'),
  ('UBM2304', 'OOPS and Java Programming',3, 'sep-dec'),
  ('UIT2521', 'Information theory and Application(PE-I)',5, 'sep-dec'),
  ('PIF2301', 'Deep learning for Language and Speech Technologies',3, 'sep-dec'),
  ('UIT2502', 'Data Analytics and Visulization',5, 'sep-dec'),
  ('UEN1597', 'Professional Communication Lab',7, 'sep-dec');
  

INSERT INTO ProjectCourse VALUES 
  ('PIF2418', 'Project Phase II', 3,'feb-jul'),
  ('UIT2402', 'Advanced Data Structures and Algorithm Analysis Project', 4,'feb-jul'),
  ('UIT2211', 'Software Development Project-I', 2,'feb-jul'),
  ('UIT1818', 'Project Work', 3,'feb-jul'),
  ('UIT2602', 'Web Programming Project', 6,'feb-jul');

INSERT INTO Theory VALUES 
  ('aravindanc@ssn.edu.in', 'PIF2102', 'Monday', '10:55', 'MTECH I', '2023-2024','sep-dec'),
  ('aravindanc@ssn.edu.in', 'PIF2102', 'Tuesday', '10:05', 'MTECH I', '2023-2024','sep-dec'),
  ('aravindanc@ssn.edu.in', 'PIF2102', 'Wednesday', '10:05', 'MTECH I', '2023-2024','sep-dec'),

  ('shahinaa@ssn.edu.in', 'UIT2601', 'Tuesday', '08:50', 'VI A', '2023-2024','feb-jul'),
  ('shahinaa@ssn.edu.in', 'UIT2601', 'Tuesday', '10:05', 'VI A', '2023-2024','feb-jul'),
  ('shahinaa@ssn.edu.in', 'UIT2601', 'Wednesday', '08:50', 'VI A', '2023-2024','feb-jul'),
  ('shahinaa@ssn.edu.in', 'UIT1731', 'Tuesday', '08:50', 'VII A', '2023-2024','sep-dec'),
  ('shahinaa@ssn.edu.in', 'UIT1731', 'Tuesday', '10:05', 'VII A', '2023-2024','sep-dec'),
  ('shahinaa@ssn.edu.in', 'UIT1731', 'Wednesday', '08:50', 'VII A', '2023-2024','sep-dec'),

  ('srinivasanr@ssn.edu.in', 'PIF2216', 'Thursday', '13:35', 'MTECH II', '2023-2024','feb-jul'),
  ('srinivasanr@ssn.edu.in', 'PIF2216', 'Thursday', '14:50', 'MTECH II', '2023-2024','feb-jul'),
  ('srinivasanr@ssn.edu.in', 'PIF2216', 'Friday', '13:35', 'MTECH II', '2023-2024','feb-jul'),
  ('srinivasanr@ssn.edu.in', 'PIF2216', 'Friday', '14:50', 'MTECH II', '2023-2024','feb-jul'),
  ('srinivasanr@ssn.edu.in', 'UIT2722', 'Monday', '15:55', 'VI HONORS', '2023-2024','feb-jul'),
  ('srinivasanr@ssn.edu.in', 'UIT2722', 'Monday', '16:45', 'VI HONORS', '2023-2024','feb-jul'),
  ('srinivasanr@ssn.edu.in', 'UIT2722', 'Wednesday', '15:55', 'VI HONORS', '2023-2024','feb-jul'),
  ('srinivasanr@ssn.edu.in', 'UIT2722', 'Wednesday', '16:45', 'VI HONORS', '2023-2024','feb-jul'),
  ('srinivasanr@ssn.edu.in', 'UIT2522', 'Monday', '16:00', 'V', '2023-2024','sep-dec'),
  ('srinivasanr@ssn.edu.in', 'UIT2521', 'Tuesday', '08:00', 'V B', '2023-2024','sep-dec'),
  ('srinivasanr@ssn.edu.in', 'UIT2521', 'Wednesday', '10:05', 'V B', '2023-2024','sep-dec'),
  ('srinivasanr@ssn.edu.in', 'UIT2521', 'Thursday', '10:05', 'V B', '2023-2024','sep-dec'),
  ('srinivasanr@ssn.edu.in', 'UIT2522', 'Thursday', '16:00', 'V B', '2023-2024','sep-dec'),

  ('sivamuruganv@ssn.edu.in', 'UIT2401', 'Monday', '08:00', 'IV A', '2023-2024','feb-jul'),
  ('sivamuruganv@ssn.edu.in', 'UIT2401', 'Tuesday', '10:05', 'IV A', '2023-2024','feb-jul'), 
  ('sivamuruganv@ssn.edu.in', 'UIT2401', 'Thursday', '13:35', 'IV A', '2023-2024','feb-jul'), 
  ('sivamuruganv@ssn.edu.in', 'UIT2611', 'Friday', '11:45', 'VI A', '2023-2024','feb-jul'), 
  ('sivamuruganv@ssn.edu.in', 'PIF2101', 'Monday', '08:50', 'M.Tech I', '2023-2024','sep-dec'), 
  ('sivamuruganv@ssn.edu.in', 'PIF2321', 'Monday', '10:55', 'M.Tech III', '2023-2024','sep-dec'), 
  ('sivamuruganv@ssn.edu.in', 'PIF2101', 'Monday', '13:35', 'M.Tech I', '2023-2024','sep-dec'), 
  ('sivamuruganv@ssn.edu.in', 'PIF2101', 'Tuesday', '08:00', 'M.Tech I', '2023-2024','sep-dec'), 
  ('sivamuruganv@ssn.edu.in', 'PIF2321', 'Tuesday', '08:50', 'M.Tech III', '2023-2024','sep-dec'), 
  ('sivamuruganv@ssn.edu.in', 'PIF2321', 'Wednesday', '08:00', 'M.Tech I', '2023-2024','sep-dec'), 

  ('skarthika@ssn.edu.in', 'PIF2229', 'Wednesday', '10:05', 'M.Tech II', '2023-2024','feb-jul'),
  ('skarthika@ssn.edu.in', 'PIF2229', 'Friday', '08:00', 'M.Tech II', '2023-2024','feb-jul'),
  ('skarthika@ssn.edu.in', 'UIT2301', 'Monday', '08:00', 'III B', '2023-2024','sep-dec'),
  ('skarthika@ssn.edu.in', 'UIT2301', 'Tuesday', '08:50', 'III B', '2023-2024','sep-dec'),
  ('skarthika@ssn.edu.in', 'UIT2301', 'Thursday', '10:55', 'III B', '2023-2024','sep-dec'),
  ('skarthika@ssn.edu.in', 'UIT2502', 'Tuesday', '10:55', 'V A', '2023-2024','sep-dec'),
  ('skarthika@ssn.edu.in', 'UIT2502', 'Thursday', '08:00', 'V A', '2023-2024','sep-dec'),
  ('skarthika@ssn.edu.in', 'UIT2502', 'Friday', '10:05', 'V A', '2023-2024','sep-dec'),

  ('mohanas@ssn.edu.in', 'UIT2402', 'Monday', '08:00', 'IV C', '2023-2024','feb-jul'),
  ('mohanas@ssn.edu.in', 'UIT2402', 'Wednesday','10:05', 'IV C', '2023-2024','feb-jul'),
  ('mohanas@ssn.edu.in', 'UIT2402', 'Thursday', '08:50', 'IV C', '2023-2024','feb-jul'),
  ('mohanas@ssn.edu.in', 'UIT2502', 'Monday', '10:55', 'V B', '2023-2024','sep-dec'),
  ('mohanas@ssn.edu.in', 'UIT2502', 'Tuesday', '11:45', 'V B', '2023-2024','sep-dec'),
  ('mohanas@ssn.edu.in', 'UIT2502', 'Wednesday', '08:50', 'V B', '2023-2024','sep-dec'),
  ('mohanas@ssn.edu.in', 'UIT2302', 'Tuesday', '08:00', 'III C', '2023-2024','sep-dec'),
  ('mohanas@ssn.edu.in', 'UIT2302', 'Wednesday', '10:55', 'III C', '2023-2024','sep-dec'),
  ('mohanas@ssn.edu.in', 'UIT2302', 'Thursday', '08:50', 'III C', '2023-2024','sep-dec'),

  ('vasukip@ssn.edu.in', 'UIT2404', 'Tuesday', '10:55', 'IV B', '2023-2024','feb-jul'),
  ('vasukip@ssn.edu.in', 'UIT2404', 'Thursday', '08:00', 'IV B', '2023-2024','feb-jul'),
  ('vasukip@ssn.edu.in', 'UIT2404', 'Friday', '08:50', 'IV B', '2023-2024','feb-jul'),
  ('vasukip@ssn.edu.in', 'UIT2301', 'Monday', '10:05', 'III C', '2023-2024','sep-dec'),
  ('vasukip@ssn.edu.in', 'UIT2301', 'Tuesday', '10:55', 'III C', '2023-2024','sep-dec'),
  ('vasukip@ssn.edu.in', 'UIT2301', 'Wednesday', '08:00', 'III C', '2023-2024','sep-dec'),
  ('vasukip@ssn.edu.in', 'UIT2622', 'Wednesday', '08:50', 'V', '2023-2024','sep-dec'),
  ('vasukip@ssn.edu.in', 'UIT2622', 'Wednesday', '10:05', 'V', '2023-2024','sep-dec'),
  ('vasukip@ssn.edu.in', 'UIT2622', 'Wednesday', '10:55', 'V', '2023-2024','sep-dec'),

  ('sripriyan@ssn.edu.in', 'UIT2201', 'Monday', '08:00', 'II A', '2023-2024','feb-jul'),
  ('sripriyan@ssn.edu.in', 'UIT2201', 'Wednesday', '14:50', 'II A', '2023-2024','feb-jul'),
  ('sripriyan@ssn.edu.in', 'UIT2201', 'Thursday', '08:50', 'II A', '2023-2024','feb-jul'),
  ('sripriyan@ssn.edu.in', 'UIT2301', 'Monday', '10:05', 'III A','2023-2024', 'sep-dec'),
  ('sripriyan@ssn.edu.in', 'UIT2301', 'Wednesday', '08:00', 'III A','2023-2024', 'sep-dec'),
  ('sripriyan@ssn.edu.in', 'UIT2301', 'Friday', '11:45', 'III A', '2023-2024','sep-dec'),

  ('uthayankr@ssn.edu.in', 'PIF2224', 'Tuesday', '10:50', 'M.Tech II', '2023-2024','feb-jul'),
  ('uthayankr@ssn.edu.in', 'PIF2224', 'Wednesday', '11:45', 'M.Tech II', '2023-2024','feb-jul'),
  ('uthayankr@ssn.edu.in', 'UIT1723', 'Monday', '08:00', 'VII A,B', '2023-2024','sep-dec'),
  ('uthayankr@ssn.edu.in', 'UIT2526', 'Tuesday', '08:00', 'V', '2023-2024','sep-dec'),
  ('uthayankr@ssn.edu.in', 'UIT2526', 'Wednesday', '10:05', 'V', '2023-2024','sep-dec'),
  ('uthayankr@ssn.edu.in', 'UIT1723', 'Thursday', '08:00', 'VII A,B', '2023-2024','sep-dec'),
  ('uthayankr@ssn.edu.in', 'UIT2526', 'Thursday', '10:05', 'V', '2023-2024','sep-dec'),
  ('uthayankr@ssn.edu.in', 'UIT1723', 'Friday', '08:50', 'VII A,B', '2023-2024','sep-dec'),

  ('joelouisi@ssn.edu.in', 'UIT2403', 'Thursday', '10:05', 'IV A,B', '2023-2024','feb-jul'),
  ('joelouisi@ssn.edu.in', 'UIT2403', 'Thursday', '10:55', 'IV A,B', '2023-2024','feb-jul'),
  ('joelouisi@ssn.edu.in', 'UIT2403', 'Friday', '08:00', 'IV A,B', '2023-2024','feb-jul'),
  ('joelouisi@ssn.edu.in', 'UIT2503', 'Monday', '08:50', 'V B', '2023-2024','sep-dec'),
  ('joelouisi@ssn.edu.in', 'UIT2503', 'Tuesday', '10:55', 'V B', '2023-2024','sep-dec'),
  ('joelouisi@ssn.edu.in', 'UIT2503', 'Wednesday', '08:00', 'V B', '2023-2024','sep-dec'),
  ('joelouisi@ssn.edu.in', 'UIT2521', 'Tuesday', '08:00', 'V A', '2023-2024','sep-dec'),
  ('joelouisi@ssn.edu.in', 'UIT2521', 'Wednesday', '10:05', 'V A', '2023-2024','sep-dec'),
  ('joelouisi@ssn.edu.in', 'UIT2521', 'Thursday', '10:05', 'V A', '2023-2024','sep-dec'),

  ('malathyem@ssn.edu.in', 'UIT2603', 'Monday', '08:50', 'VI B', '2023-2024','feb-jul'),
  ('malathyem@ssn.edu.in', 'UIT2603', 'Wednesday', '08:50', 'VI B', '2023-2024','feb-jul'),
  ('malathyem@ssn.edu.in', 'UIT2603', 'Friday', '08:00', 'VI B', '2023-2024','feb-jul'),
  ('malathyem@ssn.edu.in', 'UIT2304', 'Monday', '10:55', 'III A', '2023-2024','sep-dec'),
  ('malathyem@ssn.edu.in', 'UIT2304', 'Tuesday', '11:45', 'III A', '2023-2024','sep-dec'),
  ('malathyem@ssn.edu.in', 'UIT2304', 'Friday', '10:05', 'III A', '2023-2024','sep-dec'),
  ('malathyem@ssn.edu.in', 'UIT1702', 'Monday', '08:50', 'VII A', '2023-2024','sep-dec'),
  ('malathyem@ssn.edu.in', 'UIT1702', 'Wednesday','08:00', 'VII A', '2023-2024','sep-dec'),
  ('malathyem@ssn.edu.in', 'UIT1702', 'Thursday', '14:50', 'VII A', '2023-2024','sep-dec'),

  ('radhan@ssn.edu.in', 'UGE1576', 'Monday', '08:50', 'VIII ', '2023-2024', 'feb-jul'),
  ('radhan@ssn.edu.in', 'UGE1576', 'Tuesday', '08:00', 'VIII ', '2023-2024', 'feb-jul'),
  ('radhan@ssn.edu.in', 'UGE1576', 'Tuesday', '10:05', 'VIII ', '2023-2024', 'feb-jul'),
  ('radhan@ssn.edu.in', 'UIT1702', 'Tuesday', '11:45', 'VII B ', '2023-2024', 'sep-dec'),
  ('radhan@ssn.edu.in', 'UIT1702', 'Wednesday', '08:00', 'VII B ', '2023-2024', 'sep-dec'),
  ('radhan@ssn.edu.in', 'UIT1702', 'Thursday', '10:05', 'VII B ', '2023-2024', 'sep-dec'),

  ('gayathriks@ssn.edu.in', 'UIT2402', 'Monday', '08:50', 'IV B', '2023-2024','feb-jul'),
  ('gayathriks@ssn.edu.in', 'UIT2402', 'Tuesday', '10:05', 'IV B', '2023-2024','feb-jul'),
  ('gayathriks@ssn.edu.in', 'UIT2402', 'Friday', '08:00', 'IV B', '2023-2024','feb-jul'),
  ('gayathriks@ssn.edu.in', 'UIT2504', 'Monday', '10:55', 'V A', '2023-2024','sep-dec'),
  ('gayathriks@ssn.edu.in', 'UIT2504', 'Wednesday', '11:45', 'V A', '2023-2024','sep-dec'),
  ('gayathriks@ssn.edu.in', 'UIT2504', 'Friday', '10:55', 'V A', '2023-2024','sep-dec'),
  ('gayathriks@ssn.edu.in', 'UGE2176', 'Tuesday', '10:55', 'I S10', '2023-2024','sep-dec'),
  ('gayathriks@ssn.edu.in', 'UGE2176', 'Wednesday', '08:50', 'I S10', '2023-2024','sep-dec'),
  ('gayathriks@ssn.edu.in', 'UGE2176', 'Friday', '08:50', 'I S10', '2023-2024','sep-dec'),
  ('gayathriks@ssn.edu.in', 'UGE2176', 'Thursday', '13:35', 'I S10', '2023-2024','sep-dec'),

  ('swathikar@ssn.edu.in', 'UIT2404', 'Monday', '08:50', 'IV C', '2023-2024','feb-jul'),
  ('swathikar@ssn.edu.in', 'UIT2404', 'Wednesday', '08:00', 'IV C', '2023-2024','feb-jul'),
  ('swathikar@ssn.edu.in', 'UIT2404', 'Friday', '10:55', 'IV C', '2023-2024','feb-jul'),
  ('swathikar@ssn.edu.in', 'UIT2042', 'Tuesday', '13:35', 'OE', '2023-2024','feb-jul'),
  ('swathikar@ssn.edu.in', 'UIT2042', 'Tuesday', '14:50', 'OE', '2023-2024','feb-jul'),
  ('swathikar@ssn.edu.in', 'UIT2042', 'Thursday', '10:05', 'OE', '2023-2024','feb-jul'),
  ('swathikar@ssn.edu.in', 'UIT2304', 'Monday', '08:00', 'III C', '2023-2024','sep-dec'),
  ('swathikar@ssn.edu.in', 'UIT2304', 'Wednesday', '11:45', 'III C', '2023-2024','sep-dec'),
  ('swathikar@ssn.edu.in', 'UIT2304', 'Friday', '08:50', 'III C', '2023-2024','sep-dec'),
  ('swathikar@ssn.edu.in', 'UIT2302', 'Tuesday', '10:05', 'III B', '2023-2024','sep-dec'),
  ('swathikar@ssn.edu.in', 'UIT2302', 'Wednesday', '08:50', 'III B', '2023-2024','sep-dec'),
  ('swathikar@ssn.edu.in', 'UIT2302', 'Thursday', '08:00', 'III B', '2023-2024','sep-dec'),

  ('sandanakaruppana@ssn.edu.in', 'UIT2602', 'Tuesday', '08:00', 'IV B', '2023-2024','feb-jul'),
  ('sandanakaruppana@ssn.edu.in', 'UIT2602', 'Wednesday', '10:05', 'IV B', '2023-2024','feb-jul'),
  ('sandanakaruppana@ssn.edu.in', 'UIT2602', 'Friday', '08:50', 'IV B', '2023-2024','feb-jul'),
  ('sandanakaruppana@ssn.edu.in', 'UIT1701', 'Monday', '11:45', 'VII A', '2023-2024','sep-dec'),
  ('sandanakaruppana@ssn.edu.in', 'UIT1701', 'Tuesday', '08:00', 'VII A', '2023-2024','sep-dec'),
  ('sandanakaruppana@ssn.edu.in', 'UIT1701', 'Wednesday', '10:55', 'VII A', '2023-2024','sep-dec'),
  ('sandanakaruppana@ssn.edu.in', 'UBM2304', 'Thursday', '08:00', 'BME III', '2023-2024','sep-dec'),
  ('sandanakaruppana@ssn.edu.in', 'UBM2304', 'Thursday', '08:50', 'BME III', '2023-2024','sep-dec'),
  ('sandanakaruppana@ssn.edu.in', 'UBM2304', 'Thursday', '10:55', 'BME III', '2023-2024','sep-dec'),
  ('sandanakaruppana@ssn.edu.in', 'UBM2304', 'Tuesday', '11:45', 'BME III', '2023-2024','sep-dec'),

  ('arulkumarv@ssn.edu.in', 'PIF2228', 'Monday', '08:00', 'M.Tech II', '2023-2024','feb-jul'),
  ('arulkumarv@ssn.edu.in', 'UIT1721', 'Monday', '08:00', 'VII A,B', '2023-2024','sep-dec'),
  ('arulkumarv@ssn.edu.in', 'UIT1721', 'Thursday', '08:00', 'VII A,B', '2023-2024','sep-dec'),
  ('arulkumarv@ssn.edu.in', 'UIT1721', 'Friday', '08:50', 'VII A,B', '2023-2024','sep-dec'),
  ('arulkumarv@ssn.edu.in', 'UGE2176', 'Monday', '10:55', 'I S1', '2023-2024','sep-dec'),
  ('arulkumarv@ssn.edu.in', 'UGE2176', 'Tuesday', '10:55', 'I S1', '2023-2024','sep-dec'),
  ('arulkumarv@ssn.edu.in', 'UGE2176', 'Wednesday', '14:50', 'I S1', '2023-2024','sep-dec'),
  ('arulkumarv@ssn.edu.in', 'UGE2176', 'Friday', '11:45', 'I S1', '2023-2024','sep-dec'),
  ('arulkumarv@ssn.edu.in', 'UIT1721', 'Monday', '13:35', 'VII A,B', '2023-2024','sep-dec'),

  ('umamaheswaris@ssn.edu.in', 'UIT2401', 'Monday', '08:00', 'IV B', '2023-2024','feb-jul'),
  ('umamaheswaris@ssn.edu.in', 'UIT2401', 'Wednesday', '08:50', 'IV B', '2023-2024','feb-jul'),
  ('umamaheswaris@ssn.edu.in', 'UIT2401', 'Friday', '13:35', 'IV B', '2023-2024','feb-jul'),
  ('umamaheswaris@ssn.edu.in', 'UIT2401', 'Tuesday', '08:50', 'IV C', '2023-2024','feb-jul'),
  ('umamaheswaris@ssn.edu.in', 'UIT2401', 'Thursday', '10:05', 'IV C', '2023-2024','feb-jul'),
  ('umamaheswaris@ssn.edu.in', 'UIT2401', 'Friday', '08:50', 'IV C', '2023-2024','feb-jul'),
  ('umamaheswaris@ssn.edu.in', 'UHS2376', 'Monday', '13:35', 'III C', '2023-2024','sep-dec'),
  ('umamaheswaris@ssn.edu.in', 'UHS2376', 'Monday', '14:50', 'III C', '2023-2024','sep-dec'),
  ('umamaheswaris@ssn.edu.in', 'UHS2376', 'Tuesday', '11:45', 'III C', '2023-2024','sep-dec'),
  ('umamaheswaris@ssn.edu.in', 'UHS2376', 'Wednesday', '10:05', 'III C', '2023-2024','sep-dec'),
  ('umamaheswaris@ssn.edu.in', 'UHS2376', 'Tuesday', '08:50', 'III A', '2023-2024','sep-dec'),
  ('umamaheswaris@ssn.edu.in', 'UHS2376', 'Thursday', '10:55', 'III A', '2023-2024','sep-dec'),
  ('umamaheswaris@ssn.edu.in', 'UHS2376', 'Thursday', '11:45', 'III A', '2023-2024','sep-dec'),
  ('umamaheswaris@ssn.edu.in', 'UHS2376', 'Friday', '08:00', 'III A', '2023-2024','sep-dec'),
  ('umamaheswaris@ssn.edu.in', 'PMA2161', 'Friday', '10:55', 'M.Tech I', '2023-2024','sep-dec'),
  ('umamaheswaris@ssn.edu.in', 'PMA2161', 'Friday', '11:45', 'M.Tech I', '2023-2024','sep-dec'),

  ('josephinejulinajk@ssn.edu.in', 'UIT2201', 'Monday', '08:50', 'IV B', '2023-2024','feb-jul'),
  ('josephinejulinajk@ssn.edu.in', 'UIT2201', 'Thursday', '10:55', 'IV B', '2023-2024','feb-jul'),
  ('josephinejulinajk@ssn.edu.in', 'UIT2404', 'Monday', '10:05', 'IV A', '2023-2024','feb-jul'),
  ('josephinejulinajk@ssn.edu.in', 'UIT2404', 'Wednesday', '08:00', 'IV A', '2023-2024','feb-jul'),
  ('josephinejulinajk@ssn.edu.in', 'UIT2404', 'Thursday', '08:50', 'IV A', '2023-2024','feb-jul'),
  ('josephinejulinajk@ssn.edu.in', 'UEC2304', 'Monday', '08:00', 'III ECE A', '2023-2024','sep-dec'),
  ('josephinejulinajk@ssn.edu.in', 'UEC2304', 'Wednesday', '08:50', 'III ECE A', '2023-2024','sep-dec'),
  ('josephinejulinajk@ssn.edu.in', 'UEC2304', 'Friday', '11:45', 'III ECE A', '2023-2024','sep-dec'),
  ('josephinejulinajk@ssn.edu.in', 'UIT2501', 'Tuesday', '08:50', 'V A', '2023-2024','sep-dec'),
  ('josephinejulinajk@ssn.edu.in', 'UIT2501', 'Wednesday', '10:55', 'V A', '2023-2024','sep-dec'),
  ('josephinejulinajk@ssn.edu.in', 'UIT2501', 'Thursday', '08:50', 'V A', '2023-2024','sep-dec'),

  ('senthil@ssn.edu.in', 'PIF2202', 'Monday', '11:45', 'M.Tech II', '2023-2024','feb-jul'),
  ('senthil@ssn.edu.in', 'PIF2202', 'Tuesday', '10:55', 'M.Tech II', '2023-2024','feb-jul'),
  ('senthil@ssn.edu.in', 'PIF2202', 'Friday', '08:00', 'M.Tech II', '2023-2024','feb-jul'),
  ('senthil@ssn.edu.in', 'UIT2736', 'Tuesday', '15:55', 'VI HONORS', '2023-2024','feb-jul'),
  ('senthil@ssn.edu.in', 'UIT2736', 'Tuesday', '16:45', 'VI HONORS', '2023-2024','feb-jul'),
  ('senthil@ssn.edu.in', 'UIT2736', 'Thursday', '15:55', 'VI HONORS', '2023-2024','feb-jul'),
  ('senthil@ssn.edu.in', 'UIT2736', 'Thursday', '16:45', 'VI HONORS', '2023-2024','feb-jul'),
  ('senthil@ssn.edu.in', 'PIF2301', 'Monday', '08:00', 'M.Tech III', '2023-2024','sep-dec'),
  ('senthil@ssn.edu.in', 'PIF2301', 'Tuesday', '10:05', 'M.Tech III', '2023-2024','sep-dec'),
  ('senthil@ssn.edu.in', 'PIF2301', 'Wednesday', '08:50', 'M.Tech III', '2023-2024','sep-dec'),
  ('senthil@ssn.edu.in', 'UGE2176', 'Tuesday', '08:00', 'I S3', '2023-2024','sep-dec'),
  ('senthil@ssn.edu.in', 'UGE2176', 'Monday', '10:55', 'I S3', '2023-2024','sep-dec'),
  ('senthil@ssn.edu.in', 'UGE2176', 'Thursday', '13:35', 'I S3', '2023-2024','sep-dec'),
  ('senthil@ssn.edu.in', 'UGE2176', 'Friday', '08:50', 'I S3', '2023-2024','sep-dec'),

  ('durgadeviv@ssn.edu.in', 'UIT2603', 'Wednesday', '08:00', 'VI A', '2023-2024','feb-jul'),
  ('durgadeviv@ssn.edu.in', 'UIT2603', 'Thursday', '08:50', 'VI A', '2023-2024','feb-jul'),
  ('durgadeviv@ssn.edu.in', 'UIT2603', 'Friday', '08:50', 'VI A', '2023-2024','feb-jul'),
  ('durgadeviv@ssn.edu.in', 'UIT1831', 'Tuesday', '08:50', 'VIII', '2023-2024','feb-jul'),
  ('durgadeviv@ssn.edu.in', 'UIT1831', 'Monday', '08:00', 'VIII', '2023-2024','feb-jul'),
  ('durgadeviv@ssn.edu.in', 'UIT1831', 'Monday', '10:05', 'VIII', '2023-2024','feb-jul'),
  ('durgadeviv@ssn.edu.in', 'UHS2376', 'Monday', '08:50', 'III B', '2023-2024','sep-dec'),
  ('durgadeviv@ssn.edu.in', 'UHS2376', 'Tuesday', '08:00', 'III B', '2023-2024','sep-dec'),
  ('durgadeviv@ssn.edu.in', 'UHS2376', 'Friday', '10:55', 'III B', '2023-2024','sep-dec'),
  ('durgadeviv@ssn.edu.in', 'UHS2376', 'Friday', '11:45', 'III B', '2023-2024','sep-dec'),
  ('durgadeviv@ssn.edu.in', 'UIT2521', 'Tuesday', '15:40', 'V', '2023-2024','sep-dec'),
  ('durgadeviv@ssn.edu.in', 'UIT2521', 'Friday', '15:40', 'V', '2023-2024','sep-dec'),

  ('saravanana@ssn.edu.in', 'UIT2627', 'Monday', '08:00', 'VI B', '2023-2024','feb-jul'),
  ('saravanana@ssn.edu.in', 'UIT2627', 'Wednesday', '10:55', 'VI B', '2023-2024','feb-jul'),
  ('saravanana@ssn.edu.in', 'UIT2627', 'Thursday', '08:00', 'VI B', '2023-2024','feb-jul'),
  ('saravanana@ssn.edu.in', 'UIT2627', 'Friday', '10:05', 'VI B', '2023-2024','feb-jul'),
  ('saravanana@ssn.edu.in', 'PIF2201', 'Monday', '10:55', 'M.Tech II', '2023-2024','feb-jul'),
  ('saravanana@ssn.edu.in', 'PIF2201', 'Tuesday', '13:35', 'M.Tech II', '2023-2024','feb-jul'),
  ('saravanana@ssn.edu.in', 'PIF2201', 'Wednesday', '13:35', 'M.Tech II', '2023-2024','feb-jul'),
  ('saravanana@ssn.edu.in', 'UIT2504', 'Monday', '10:05', 'V B', '2023-2024','sep-dec'),
  ('saravanana@ssn.edu.in', 'UIT2504', 'Tuesday', '08:50', 'V B', '2023-2024','sep-dec'),
  ('saravanana@ssn.edu.in', 'UIT2504', 'Wednesday', '11:45', 'V B', '2023-2024','sep-dec'),
  ('saravanana@ssn.edu.in', 'UIT1703', 'Wednesday', '10:05', 'VII B', '2023-2024','sep-dec'),
  ('saravanana@ssn.edu.in', 'UIT1703', 'Thursday', '08:50', 'VII B', '2023-2024','sep-dec'),
  ('saravanana@ssn.edu.in', 'UIT1703', 'Friday', '08:00', 'VII B', '2023-2024','sep-dec'),

  ('suganyae@ssn.edu.in', 'UIT2602', 'Monday', '08:00', 'VI A', '2023-2024','feb-jul'),
  ('suganyae@ssn.edu.in', 'UIT2602', 'Wednesday', '13:35', 'VI A', '2023-2024','feb-jul'),
  ('suganyae@ssn.edu.in', 'UIT2602', 'Thursday', '08:00', 'VI A', '2023-2024','feb-jul'),
  ('suganyae@ssn.edu.in', 'UIT2046', 'Tuesday', '13:35', 'OE', '2023-2024','feb-jul'),
  ('suganyae@ssn.edu.in', 'UIT2046', 'Tuesday', '14:50', 'OE', '2023-2024','feb-jul'),
  ('suganyae@ssn.edu.in', 'UIT2046', 'Thursday', '10:05', 'OE', '2023-2024','feb-jul'),
  ('suganyae@ssn.edu.in', 'UIT2302', 'Monday', '08:00', 'III A', '2023-2024','sep-dec'),
  ('suganyae@ssn.edu.in', 'UIT2302', 'Tuesday', '10:05', 'III A', '2023-2024','sep-dec'),
  ('suganyae@ssn.edu.in', 'UIT2302', 'Thursday', '08:50', 'III A', '2023-2024','sep-dec'),
  ('suganyae@ssn.edu.in', 'UGE2176', 'Monday', '10:55', 'I S2', '2023-2024','sep-dec'),
  ('suganyae@ssn.edu.in', 'UGE2176', 'Tuesday', '13:35', 'I S2', '2023-2024','sep-dec'),
  ('suganyae@ssn.edu.in', 'UGE2176', 'Wednesday', '08:00', 'I S2', '2023-2024','sep-dec'),
  ('suganyae@ssn.edu.in', 'UGE2176', 'Friday', '11:45', 'I S2', '2023-2024','sep-dec'),

  ('sornavallig@ssn.edu.in', 'UIT2403', 'Monday', '11:45', 'IV C', '2023-2024','feb-jul'),
  ('sornavallig@ssn.edu.in', 'UIT2403', 'Wednesday', '10:55', 'IV C', '2023-2024','feb-jul'),
  ('sornavallig@ssn.edu.in', 'UIT2403', 'Thursday', '08:00', 'IV C', '2023-2024','feb-jul'),
  ('sornavallig@ssn.edu.in', 'UIT2627', 'Monday', '08:50', 'VI A', '2023-2024','feb-jul'),
  ('sornavallig@ssn.edu.in', 'UIT2627', 'Tuesday', '08:00', 'VI A', '2023-2024','feb-jul'),
  ('sornavallig@ssn.edu.in', 'UIT2627', 'Wednesday', '14:50', 'VI A', '2023-2024','feb-jul'),
  ('sornavallig@ssn.edu.in', 'UIT2627', 'Friday', '08:00', 'VI A', '2023-2024','feb-jul'),
  ('sornavallig@ssn.edu.in', 'UIT2501', 'Monday', '08:00', 'V B', '2023-2024','sep-dec'),
  ('sornavallig@ssn.edu.in', 'UIT2501', 'Tuesday', '10:05', 'V B', '2023-2024','sep-dec'),
  ('sornavallig@ssn.edu.in', 'UIT2501', 'Wednesday', '10:55', 'V B', '2023-2024','sep-dec'),
  ('sornavallig@ssn.edu.in', 'UGE2176', 'Monday', '11:45', 'I S13', '2023-2024','sep-dec'),
  ('sornavallig@ssn.edu.in', 'UGE2176', 'Tuesday', '08:00', 'I S13', '2023-2024','sep-dec'),
  ('sornavallig@ssn.edu.in', 'UGE2176', 'Wednesday', '08:50', 'I S13', '2023-2024','sep-dec'),
  ('sornavallig@ssn.edu.in', 'UGE2176', 'Thursday', '08:50', 'I S13', '2023-2024','sep-dec'),

  ('anithas@ssn.edu.in', 'UIT2201', 'Tuesday', '11:45', 'II C', '2023-2024','feb-jul'),
  ('anithas@ssn.edu.in', 'UIT2201', 'Wednesday', '08:50', 'II C', '2023-2024','feb-jul'),
  ('anithas@ssn.edu.in', 'UIT2201', 'Thursday', '08:00', 'III C', '2023-2024','feb-jul'),
  ('anithas@ssn.edu.in', 'UIT2402', 'Monday', '08:50', 'IV A', '2023-2024','feb-jul'),
  ('anithas@ssn.edu.in', 'UIT2402', 'Wednesday', '10:55', 'IV A', '2023-2024','feb-jul'),
  ('anithas@ssn.edu.in', 'UIT2402', 'Thursday', '11:45', 'IV A', '2023-2024','feb-jul'),
  ('anithas@ssn.edu.in', 'UIT2402', 'Thursday', '11:45', 'IV A', '2023-2024','feb-jul'),
  ('anithas@ssn.edu.in', 'UGE2176', 'Monday', '08:00', 'I S11', '2023-2024','sep-dec'),
  ('anithas@ssn.edu.in', 'UGE2176', 'Tuesday', '13:35', 'I S11', '2023-2024','sep-dec'),
  ('anithas@ssn.edu.in', 'UGE2176', 'Thursday', '10:55', 'I S11', '2023-2024','sep-dec'),
  ('anithas@ssn.edu.in', 'UGE2176', 'Friday', '08:50', 'I S11', '2023-2024','sep-dec'),
  ('anithas@ssn.edu.in', 'UGE2176', 'Monday', '10:05', 'I S12', '2023-2024','sep-dec'),
  ('anithas@ssn.edu.in', 'UGE2176', 'Tuesday', '08:00', 'I S12', '2023-2024','sep-dec'),
  ('anithas@ssn.edu.in', 'UGE2176', 'Wednesday', '10:05', 'I S12', '2023-2024','sep-dec'),
  ('anithas@ssn.edu.in', 'UGE2176', 'Thursday', '14:50', 'I S12', '2023-2024','sep-dec'),

  ('rajalaxmitm@ssn.edu.in', 'UMA2476', 'Monday', '10:55', 'IV A', '2023-2024','feb-jul'),
  ('rajalaxmitm@ssn.edu.in', 'UMA2476', 'Tuesday', '10:55', 'IV A', '2023-2024','feb-jul'),
  ('rajalaxmitm@ssn.edu.in', 'UMA2476', 'Wednesday', '10:05', 'IV A', '2023-2024','feb-jul'),
  ('rajalaxmitm@ssn.edu.in', 'UMA2476', 'Thursday', '08:00', 'IV A', '2023-2024','feb-jul'),
  ('rajalaxmitm@ssn.edu.in', 'UMA2476', 'Friday', '08:50', 'IV A', '2023-2024','feb-jul'),

  ('vanithas@ssn.edu.in', 'UMA2476', 'Monday', '10:55', 'IV B', '2023-2024','feb-jul'),
  ('vanithas@ssn.edu.in', 'UMA2476', 'Tuesday', '08:50', 'IV B', '2023-2024','feb-jul'),
  ('vanithas@ssn.edu.in', 'UMA2476', 'Wednesday', '08:00', 'IV B', '2023-2024','feb-jul'),
  ('vanithas@ssn.edu.in', 'UMA2476', 'Thursday', '08:50', 'IV B', '2023-2024','feb-jul'),
  ('vanithas@ssn.edu.in', 'UMA2476', 'Friday', '10:55', 'IV B', '2023-2024','feb-jul'),

  ('shanmugapriyam@ssn.edu.in', 'UMA2476', 'Monday', '10:05', 'IV C', '2023-2024','feb-jul'),
  ('shanmugapriyam@ssn.edu.in', 'UMA2476', 'Tuesday', '08:00', 'IV C', '2023-2024','feb-jul'),
  ('shanmugapriyam@ssn.edu.in', 'UMA2476', 'Wednesday', '08:50', 'IV C', '2023-2024','feb-jul'),
  ('shanmugapriyam@ssn.edu.in', 'UMA2476', 'Thursday', '11:45', 'IV C', '2023-2024','feb-jul'),
  ('shanmugapriyam@ssn.edu.in', 'UMA2476', 'Friday', '10:05', 'IV C', '2023-2024','feb-jul'),
  
  ('julieCharles@ssn.edu.in', 'AHS2476', 'Monday', '11:45', 'IV A', '2023-2024','feb-jul'),
  ('julieCharles@ssn.edu.in', 'AHS2476', 'Tuesday', '11:45', 'IV B', '2023-2024','feb-jul'),
  ('julieCharles@ssn.edu.in', 'AHS2476', 'Wednesday', '08:50', 'IV A', '2023-2024','feb-jul'),
  ('julieCharles@ssn.edu.in', 'AHS2476', 'Wednesday', '13:35', 'IV B', '2023-2024','feb-jul'),
  ('julieCharles@ssn.edu.in', 'AHS2476', 'Friday', '10:05', 'IV B', '2023-2024','feb-jul'),
  ('julieCharles@ssn.edu.in', 'AHS2476', 'Friday', '13:35', 'IV B', '2023-2024','feb-jul'),
  
  ('anandhababug@ssn.edu.in', 'AHS2476', 'Tuesday', '13:35', 'IV A', '2023-2024','feb-jul'),
  ('anandhababug@ssn.edu.in', 'AHS2476', 'Thursday', '10:55', 'IV A', '2023-2024','feb-jul'),
  ('anandhababug@ssn.edu.in', 'AHS2476', 'Friday', '13:35', 'IV A', '2023-2024','feb-jul'),

  ('nithyar@ssn.edu.in', 'UIT1703', 'Monday', '13:35', 'VII A', '2023-2024','sep-dec'),
  ('nithyar@ssn.edu.in', 'UIT1703', 'Monday', '14:50', 'VII A', '2023-2024','sep-dec'),
  ('nithyar@ssn.edu.in', 'UIT1703', 'Tuesday', '10:05', 'VII A', '2023-2024','sep-dec'),
  ('nithyar@ssn.edu.in', 'UIT1703', 'Thursday', '08:50', 'VII A', '2023-2024','sep-dec'),

  ('kavitham@ssn.edu.in', 'UBA2541', 'Tuesday', '13:35', 'V', '2023-2024','sep-dec'),
  ('kavitham@ssn.edu.in', 'UBA2541', 'Tuesday', '14:50', 'V', '2023-2024','sep-dec'),
  ('kavitham@ssn.edu.in', 'UBA2541', 'Friday', '08:00', 'V', '2023-2024','sep-dec'),
  ('kavitham@ssn.edu.in', 'UBA2541', 'Friday', '08:50', 'V', '2023-2024','sep-dec'),

  ('padmapriyan@ssn.edu.in', 'UMA2377', 'Tuesday', '08:00', 'III A', '2023-2024','sep-dec'),
  ('padmapriyan@ssn.edu.in', 'UMA2377', 'Wednesday', '08:50', 'III A', '2023-2024','sep-dec'),
  ('padmapriyan@ssn.edu.in', 'UMA2377', 'Thursday', '10:05', 'III A', '2023-2024','sep-dec'),
  ('padmapriyan@ssn.edu.in', 'UMA2377', 'Friday', '10:55', 'III A', '2023-2024','sep-dec'),

  ('sivakumarb@ssn.edu.in', 'UMA2377', 'Monday', '08:50', 'III C', '2023-2024','sep-dec'),
  ('sivakumarb@ssn.edu.in', 'UMA2377', 'Tuesday', '10:05', 'III C', '2023-2024','sep-dec'),
  ('sivakumarb@ssn.edu.in', 'UMA2377', 'Thursday', '10:55', 'III C', '2023-2024','sep-dec'),
  ('sivakumarb@ssn.edu.in', 'UMA2377', 'Friday', '08:00', 'III C', '2023-2024','sep-dec'),
  
  ('sundarakannanm@ssn.edu.in', 'UMA2377', 'Tuesday', '10:55', 'III B', '2023-2024','sep-dec'),
  ('sundarakannanm@ssn.edu.in', 'UMA2377', 'Wednesday', '08:00', 'III B', '2023-2024','sep-dec'),
  ('sundarakannanm@ssn.edu.in', 'UMA2377', 'Wednesday', '10:05', 'III B', '2023-2024','sep-dec'),
  ('sundarakannanm@ssn.edu.in', 'UMA2377', 'Thursday', '13:35', 'III B', '2023-2024','sep-dec'),

  ('kishorer@ssn.edu.in', 'UIT2305', 'Wednesday', '10:55', 'III B', '2023-2024','sep-dec'),
  ('kishorer@ssn.edu.in', 'UIT2305', 'Thursday', '10:05', 'III B', '2023-2024','sep-dec'),
  ('kishorer@ssn.edu.in', 'UIT2305', 'Friday', '08:50', 'III B', '2023-2024','sep-dec'),

  ('partibaneb@ssn.edu.in', 'UIT2305', 'Monday', '08:50', 'III A', '2023-2024','sep-dec'),
  ('partibaneb@ssn.edu.in', 'UIT2305', 'Thursday', '08:00', 'III A', '2023-2024','sep-dec'),
  ('partibaneb@ssn.edu.in', 'UIT2305', 'Friday', '08:50', 'III A', '2023-2024','sep-dec'),

  ('annaduraic@ssn.edu.in', 'UIT2305', 'Monday', '10:55', 'III C', '2023-2024','sep-dec'),
  ('annaduraic@ssn.edu.in', 'UIT2305', 'Tuesday', '08:50', 'III C', '2023-2024','sep-dec'),
  ('annaduraic@ssn.edu.in', 'UIT2305', 'Thursday', '08:00', 'III C', '2023-2024','sep-dec'),

  ('sampathkumars@ssn.edu.in', 'PMA2161', 'Monday', '08:00', 'M.Tech I', '2023-2024','sep-dec'),
  ('sampathkumars@ssn.edu.in', 'PMA2161', 'Wednesday', '08:50', 'M.Tech I', '2023-2024','sep-dec'),
  ('sampathkumars@ssn.edu.in', 'PMA2161', 'Friday', '10:55', 'M.Tech I', '2023-2024','sep-dec'),
  ('sampathkumars@ssn.edu.in', 'PMA2161', 'Friday', '11:45', 'M.Tech I', '2023-2024','sep-dec');

INSERT INTO Practical VALUES 
  ('sivamuruganv@ssn.edu.in', 'UIT2611', 'Thursday', '12:45','15:40', 'VI B', '2023-2024','feb-jul'),
  ('sivamuruganv@ssn.edu.in', 'UIT2611', 'Monday', '10:05','12:35', 'VI B', '2023-2024','feb-jul'),
  ('sivamuruganv@ssn.edu.in', 'UIT2412', 'Tuesday', '12:45','15:40', 'IV A', '2023-2024','feb-jul'),
  ('sivamuruganv@ssn.edu.in', 'PIF2111', 'Friday', '10:55','15:40', 'M.Tech I', '2023-2024','sep-dec'),

  ('shahinaa@ssn.edu.in', 'UIT2601', 'Tuesday', '13:35','15:40', 'VI A', '2023-2024','feb-jul'),
  ('skarthika@ssn.edu.in', 'UIT2402', 'Tuesday', '08:00','09:40', 'IV A', '2023-2024','feb-jul'),
  ('skarthika@ssn.edu.in', 'PIF2229', 'Monday', '08:50','10:55', 'IV A', '2023-2024','feb-jul'),
  ('skarthika@ssn.edu.in', 'UIT2201', 'Thursday', '12:45','15:40', 'II C', '2023-2024','feb-jul'),
  ('skarthika@ssn.edu.in', 'UIT2312', 'Monday', '10:05','12:35', 'III B', '2023-2024','sep-dec'),
  ('skarthika@ssn.edu.in', 'UIT2312', 'Tuesday', '12:45','15:40', 'III B', '2023-2024','sep-dec'),

  ('mohanas@ssn.edu.in', 'UIT2402', 'Monday', '13:35','15:40', 'IV C', '2023-2024','feb-jul'),
  ('mohanas@ssn.edu.in', 'UIT2311', 'Thursday', '13:35','15:40', 'III C', '2023-2024','sep-dec'),
  ('mohanas@ssn.edu.in', 'UIT2311', 'Friday', '10:05','12:35', 'III C', '2023-2024','sep-dec'),

  ('vasukip@ssn.edu.in', 'UIT2412', 'Friday', '12:45','15:40', 'IV C', '2023-2024','feb-jul'),
  ('vasukip@ssn.edu.in', 'UIT2412', 'Wednesday', '10:05','12:35', 'IV B', '2023-2024','feb-jul'),
  ('vasukip@ssn.edu.in', 'UIT2312', 'Thursday', '12:45','15:40', 'III C', '2023-2024','sep-dec'),
  ('vasukip@ssn.edu.in', 'UIT2312', 'Friday', '10:05','12:35', 'III C', '2023-2024','sep-dec'),

  ('sripriyan@ssn.edu.in', 'UIT2201', 'Thursday', '12:45','15:40', 'II A', '2023-2024','feb-jul'),
  ('sripriyan@ssn.edu.in', 'UIT2312', 'Monday', '12:45','15:40', 'III A', '2023-2024','sep-dec'),
  ('sripriyan@ssn.edu.in', 'UIT2312', 'Wednesday', '10:05','12:35', 'III A', '2023-2024','sep-dec'),
  ('sripriyan@ssn.edu.in', 'UGE2197', 'Thursday', '10:05','12:35', 'I S2', '2023-2024','sep-dec'),

  ('uthayankr@ssn.edu.in', 'PIF2224', 'Wednesday', '08:00','09:40', 'M Tech II', '2023-2024','feb-jul'),
  ('uthayankr@ssn.edu.in', 'UIT2602', 'Thursday', '13:35','15:40', 'VI A', '2023-2024','feb-jul'),
  ('uthayankr@ssn.edu.in', 'UGE2197', 'Tuesday', '10:05','12:35', 'I S11', '2023-2024','sep-dec'),

  ('joelouisi@ssn.edu.in', 'UIT2411', 'Monday', '12:45','15:40', 'IV B', '2023-2024','feb-jul'),
  ('joelouisi@ssn.edu.in', 'UIT2411', 'Wednesday', '12:45','15:40', 'IV C', '2023-2024','feb-jul'),
  ('joelouisi@ssn.edu.in', 'UIT2512', 'Monday', '12:45','15:40', 'V B', '2023-2024','sep-dec'),
  ('joelouisi@ssn.edu.in', 'UIT2512', 'Friday', '10:05','12:35', 'V B', '2023-2024','sep-dec'),

  ('malathyem@ssn.edu.in', 'UIT2412', 'Friday', '10:05','12:35', 'IV A', '2023-2024','feb-jul'),
  ('malathyem@ssn.edu.in', 'UIT2603', 'Tuesday', '10:05','11:45', 'VI B', '2023-2024','feb-jul'),
  ('malathyem@ssn.edu.in', 'UIT2603', 'Thursday', '10:55','12:35', 'VI B', '2023-2024','feb-jul'),
  ('malathyem@ssn.edu.in', 'UIT1711', 'Tuesday', '08:00','10:55', 'VII B', '2023-2024','sep-dec'),
  ('malathyem@ssn.edu.in', 'UIT1711', 'Thursday', '10:05','12:35', 'VII A', '2023-2024','sep-dec'),

  ('radhan@ssn.edu.in', 'UIT2602', 'Thursday','10:55','12:35', 'VI B', '2023-2024','feb-jul'),
  ('radhan@ssn.edu.in', 'UIT2511', 'Monday','08:00','10:55', 'V A', '2023-2024','sep-dec'),
  ('radhan@ssn.edu.in', 'UIT2511', 'Thursday','12:45','15:40', 'V A', '2023-2024','sep-dec'),
  ('radhan@ssn.edu.in', 'UGE2197', 'Wednesday','10:05','12:35', 'I S1', '2023-2024','sep-dec'),

  ('gayathriks@ssn.edu.in', 'UIT2402', 'Tuesday', '13:35','15:40', 'IV B', '2023-2024','feb-jul'),
  ('gayathriks@ssn.edu.in', 'UGE2197', 'Tuesday', '12:45','15:40', 'I S10', '2023-2024','sep-dec'),

  ('swathikar@ssn.edu.in', 'UIT2201', 'Monday', '12:45','15:40', 'II B', '2023-2024','feb-jul'),
  ('swathikar@ssn.edu.in', 'UIT2201', 'Thursday', '12:45','15:40', 'II B', '2023-2024','feb-jul'),
  ('swathikar@ssn.edu.in', 'UIT2311', 'Monday', '10:05','12:35', 'III B', '2023-2024','sep-dec'),
  ('swathikar@ssn.edu.in', 'UIT2311', 'Tuesday', '12:45','15:40', 'III B', '2023-2024','sep-dec'),

  ('sandanakaruppana@ssn.edu.in', 'UIT2411', 'Tuesday', '12:45','15:40', 'IV A', '2023-2024','feb-jul'),
  ('sandanakaruppana@ssn.edu.in', 'UIT2602', 'Tuesday', '10:05','11:45', 'VI B', '2023-2024','feb-jul'),
  ('sandanakaruppana@ssn.edu.in', 'UGE2197', 'Wednesday', '12:45','15:40', 'I S13', '2023-2024','sep-dec'),

  ('arulkumarv@ssn.edu.in', 'UIT2611', 'Tuesday', '11:45','12:35', 'VI A', '2023-2024','feb-jul'),
  ('arulkumarv@ssn.edu.in', 'UIT2611', 'Wednesday', '10:05','12:35', 'VI A', '2023-2024','feb-jul'),
  ('arulkumarv@ssn.edu.in', 'UIT2611', 'Friday', '10:05','12:35', 'VI A', '2023-2024','feb-jul'),
  ('arulkumarv@ssn.edu.in', 'PIF2228', 'Monday', '13:35','15:40', 'M.Tech II', '2023-2024','feb-jul'),
  ('arulkumarv@ssn.edu.in', 'PIF2228', 'Tuesday', '08:00','09:40', 'M.Tech II', '2023-2024','feb-jul'),
  ('arulkumarv@ssn.edu.in', 'PIF2228', 'Thursday', '12:45','15:40', 'M.Tech II', '2023-2024','feb-jul'),
  ('arulkumarv@ssn.edu.in', 'UIT1711', 'Tuesday', '08:00','10:55', 'VII B', '2023-2024','sep-dec'),
  ('arulkumarv@ssn.edu.in', 'UIT1711', 'Thursday', '10:05','12:35', 'VII A', '2023-2024','sep-dec'),
  
  ('umamaheswaris@ssn.edu.in', 'UIT2412', 'Wednesday', '12:45','15:40', 'IV C', '2023-2024','feb-jul'),
  ('umamaheswaris@ssn.edu.in', 'UIT2412', 'Monday', '12:45','15:40', 'IV B', '2023-2024','feb-jul'),
  ('umamaheswaris@ssn.edu.in', 'UGE2197', 'Tuesday', '12:45','15:40', 'I S10', '2023-2024','sep-dec'),

  ('josephinejulinajk@ssn.edu.in', 'UIT2201', 'Monday', '12:45','15:40', 'II B', '2023-2024','feb-jul'),
  ('josephinejulinajk@ssn.edu.in', 'UEC2312', 'Monday', '10:05','12:35', 'III ECE A', '2023-2024','sep-dec'),
  ('josephinejulinajk@ssn.edu.in', 'UEC2312', 'Tuesday', '13:00','15:40', 'III ECE A', '2023-2024','sep-dec'),

  ('senthil@ssn.edu.in', 'UIT2411', 'Wednesday', '10:05','12:35', 'IV B', '2023-2024','feb-jul'),
  ('senthil@ssn.edu.in', 'PIF2212', 'Friday', '08:50','12:35', 'M.Tech II', '2023-2024','feb-jul'),
  ('senthil@ssn.edu.in', 'PIF2301', 'Tuesday', '13:35','15:40', 'M.Tech III', '2023-2024','sep-dec'),
  ('senthil@ssn.edu.in', 'UGE2197', 'Wednesday', '12:45','15:40', 'I S3', '2023-2024','sep-dec'),
  ('senthil@ssn.edu.in', 'UBM2304', 'Thursday', '08:00','10:05', 'BME III', '2023-2024','sep-dec'),

  ('durgadeviv@ssn.edu.in', 'UIT2603', 'Monday', '10:55','12:35', 'VI A', '2023-2024','feb-jul'),
  ('durgadeviv@ssn.edu.in', 'UIT2603', 'Thursday', '13:35','15:40', 'VI A', '2023-2024','feb-jul'),
  ('durgadeviv@ssn.edu.in', 'UIT2521', 'Wednesday', '10:05','12:35', 'I S1', '2023-2024','sep-dec'),
  ('durgadeviv@ssn.edu.in', 'UIT2521', 'Wednesday', '12:45','15:40', 'I S13', '2023-2024','sep-dec'),

  ('saravanana@ssn.edu.in', 'UIT2402', 'Monday', '13:35','15:40', 'IV C', '2023-2024','feb-jul'),
  ('saravanana@ssn.edu.in', 'PIF2211', 'Thursday', '08:50','12:35', 'M.Tech II', '2023-2024','feb-jul'),
  ('saravanana@ssn.edu.in', 'UGE2197', 'Tuesday', '10:05','12:35', 'I S11', '2023-2024','sep-dec'),
  ('saravanana@ssn.edu.in', 'UGE2197', 'Thursday', '10:05','12:35', 'I S2', '2023-2024','sep-dec'),

  ('suganyae@ssn.edu.in', 'UIT2602', 'Monday', '10:55','12:35', 'VI A', '2023-2024','feb-jul'),
  ('suganyae@ssn.edu.in', 'UIT2311', 'Monday', '12:45','15:40', 'III A', '2023-2024','sep-dec'),
  ('suganyae@ssn.edu.in', 'UIT2311', 'Wednesday', '10:05','12:35', 'III A', '2023-2024','sep-dec'),
  ('sornavallig@ssn.edu.in', 'UIT2411', 'Friday', '12:45','15:40', 'IV C', '2023-2024','feb-jul'),
  ('sornavallig@ssn.edu.in', 'UIT2402', 'Tuesday', '13:35','15:40', 'IV B', '2023-2024','feb-jul'),
  ('sornavallig@ssn.edu.in', 'UIT2511', 'Friday', '10:05','12:35', 'V B', '2023-2024','sep-dec'),
  ('sornavallig@ssn.edu.in', 'UGE2197', 'Friday', '12:45','15:40', 'I S12', '2023-2024','sep-dec'),

  ('anithas@ssn.edu.in', 'UIT2402', 'Tuesday', '08:00','09:40', 'IV A', '2023-2024','feb-jul'),
  ('anithas@ssn.edu.in', 'UGE2197', 'Wednesday', '12:45','15:40', 'I S3', '2023-2024','sep-dec'),
  ('anithas@ssn.edu.in', 'UGE2197', 'Friday', '12:45','15:40', 'I S12', '2023-2024','sep-dec'),

  ('DivyaJohn@ssn.edu.in', 'UEN1597', 'Tuesday', '13:35','15:40', 'VII A', '2023-2024','sep-dec'),
  ('shyamalabharathym@ssn.edu.in', 'UEN1597', 'Thursday', '13:35','15:40', 'VII A', '2023-2024','sep-dec');

INSERT INTO Project VALUES 
  ('skarthika@ssn.edu.in', 'UIT2402', 'Wednesday', '12:45', '15:40', 'IV IT-A', '2023-2024','feb-jul'),
  ('mohanas@ssn.edu.in', 'UIT2402', 'Tuesday', '10:05','12:35', 'IV IT-C', '2023-2024','feb-jul'),
  ('sripriyan@ssn.edu.in', 'UIT2211', 'Tuesday', '08:50','11:45', 'II IT-A', '2023-2024','feb-jul'),
  ('uthayankr@ssn.edu.in', 'UIT2602', 'Friday', '10:05','12:35', 'VI IT-A', '2023-2024','feb-jul'),
  ('radhan@ssn.edu.in', 'UIT2602', 'Wednesday', '13:35','15:40', 'VI IT-B', '2023-2024','feb-jul'),
  ('gayathriks@ssn.edu.in', 'UIT2211', 'Friday', '12:45','15:40', 'II IT-C', '2023-2024','feb-jul'),
  ('gayathriks@ssn.edu.in', 'UIT2402', 'Thursday', '10:05','12:35', 'IV IT-B', '2023-2024','feb-jul'),
  ('sandanakaruppana@ssn.edu.in', 'UIT2602', 'Monday', '10:05','12:35', 'VI IT-B', '2023-2024','feb-jul'),
  ('arulkumarv@ssn.edu.in', 'UIT2211', 'Friday', '12:45','15:40', 'II IT-C', '2023-2024','feb-jul'), 
  ('josephinejulinajk@ssn.edu.in', 'UIT2211', 'Friday', '12:45','15:40', 'IV IT-B', '2023-2024','feb-jul'),
  ('durgadeviv@ssn.edu.in', 'UIT2211', 'Tuesday', '10:05','11:45', 'II IT-A', '2023-2024','feb-jul'),
  ('durgadeviv@ssn.edu.in', 'UIT2211', 'Friday', '12:45','15:40', 'II IT-B', '2023-2024','feb-jul'),
  ('saravanana@ssn.edu.in', 'UIT2402', 'Tuesday', '10:05','12:35', 'IV IT-C', '2023-2024','feb-jul'),
  ('suganyae@ssn.edu.in', 'UIT2602', 'Wednesday', '10:05','12:35', 'VI IT-A', '2023-2024','feb-jul'),
  ('sornavallig@ssn.edu.in', 'UIT2402', 'Thurday', '10:05','12:35', 'IV IT-B', '2023-2024','feb-jul'),
  ('anithas@ssn.edu.in', 'UIT2402', 'Wednesday', '12:45','15:40', 'IV IT-A', '2023-2024','feb-jul');


INSERT INTO Dept_duty VALUES 
  ('aravindanc@ssn.edu.in','Accrediation (NBA / NAAC) Chairman'),
  ('aravindanc@ssn.edu.in','Research Committee Chairman'),
  ('aravindanc@ssn.edu.in','Center of Excellence'),
  ('aravindanc@ssn.edu.in','Industry Interactions' ),
  ('aravindanc@ssn.edu.in','Program Advisory Committee Chairman'),
  ('aravindanc@ssn.edu.in','Board of Studies Chairman'),
  ('aravindanc@ssn.edu.in','Department Portfolio Deployment' ),
  ('srinivasanr@ssn.edu.in','Program Advisory Committee (UG - Coordinator, PG - Member)' ),
  ('srinivasanr@ssn.edu.in','Board of Studies (UG - Coordinator, PG - Member)' ),
  ('srinivasanr@ssn.edu.in','Class Committee Chairman (VII UG - 2022-23)' ),
  ('srinivasanr@ssn.edu.in','Class Committee Chairman (VIII UG - 2022-23)' ),
  ('srinivasanr@ssn.edu.in','Center of Excellence' ),
  ('srinivasanr@ssn.edu.in','Student Feedback' ),
  ('srinivasanr@ssn.edu.in','Research Committee'),
  ('srinivasanr@ssn.edu.in','Industry Interactions' ),
  ('shahinaa@ssn.edu.in','Program Advisory Committee (PG -Coordinator, UG -Member)' ),
  ('shahinaa@ssn.edu.in','Board of Studies (PG - Coordinator, UG- Member)' ),
  ('shahinaa@ssn.edu.in','Class Committee Chairman (III UG - 2022-23)' ),
  ('shahinaa@ssn.edu.in','Class Committee Chairman (IV UG - 2022-23)' ),
  ('shahinaa@ssn.edu.in','Student Feedback' ),
  ('shahinaa@ssn.edu.in','Research Committee' ),
  ('shahinaa@ssn.edu.in','Center of Excellence' ),
  ('shahinaa@ssn.edu.in','Industry Interactions' ),
  ('shahinaa@ssn.edu.in','Magazine (IdentITy)' ),
  ('sivamuruganv@ssn.edu.in','Class Committee Chairman (V UG - 2022-23)'),
  ('sivamuruganv@ssn.edu.in','Class Committee Chairman (VI UG - 2022-23)'),
  ('sivamuruganv@ssn.edu.in','Remedial Class for weak student' ),
  ('sivamuruganv@ssn.edu.in','IoT Incharge' ),
  ('sivamuruganv@ssn.edu.in','End semester Lab Exam coordinator' ),
  ('sivamuruganv@ssn.edu.in','IQAC' ),
  ('sivamuruganv@ssn.edu.in','Accreditation (NBA / NAAC)' ),
  ('sivamuruganv@ssn.edu.in','Departement Library' ),
  ('skarthika@ssn.edu.in','Budget preparation / Utilization Tracker' ),
  ('skarthika@ssn.edu.in','Monthly Activities' ),
  ('skarthika@ssn.edu.in','Accreditation (NBA / NAAC)' ),
  ('skarthika@ssn.edu.in','Magazine (IdentITy)' ),
  ('skarthika@ssn.edu.in','Program Advisory Committee (PG - Member)' ),
  ('skarthika@ssn.edu.in','Institution Innovation Cell - Department Coordinator'),
  ('mohanas@ssn.edu.in','Class Committee Chairman (III PG - 2022-23)'),
  ('mohanas@ssn.edu.in','Governing Bodies (AU / AICTE / UGC / NIRF)'),
  ('mohanas@ssn.edu.in','Internship'),
  ('mohanas@ssn.edu.in','Grievance'),
  ('mohanas@ssn.edu.in','Program Advisory Committee (UG - Member)'),
  ('mohanas@ssn.edu.in','Student Information System'),
  ('vasukip@ssn.edu.in','Budget preparation / Utilization Tracker'),
  ('vasukip@ssn.edu.in','Class Advisor (M. TECH I SEM - 2022-23)'),
  ('vasukip@ssn.edu.in','Class Advisor (VIII SEM A - 2022-23)'),
  ('vasukip@ssn.edu.in','Alumni Incharge'),
  ('vasukip@ssn.edu.in','Student Activities - Extra-curricular / Co  Curricular'),
  ('vasukip@ssn.edu.in','Magazine (IdentITy)'),
  ('vasukip@ssn.edu.in','Board of Studies (PG - Member)'),
  ('vasukip@ssn.edu.in','Center of Excellence'),
  ('vasukip@ssn.edu.in','Institution Innovation Cell'),
  ('sripriyan@ssn.edu.in','Program Advisory Committee (UG, PG Secretary)'),
  ('sripriyan@ssn.edu.in','Faculty & Staff Information System'),
  ('sripriyan@ssn.edu.in','Department Petty cash management'),
  ('sripriyan@ssn.edu.in','Minutes of Meeting & Copy of circular'),
  ('sripriyan@ssn.edu.in','Software engineering Lab Incharge - II'),
  ('sripriyan@ssn.edu.in','Accreditation (NBA / NAAC)'),
  ('uthayankr@ssn.edu.in','AT lab incharge'),
  ('uthayankr@ssn.edu.in','Entrepreneur Development Cell'),
  ('uthayankr@ssn.edu.in','3rd year UG test Coordinator'),
  ('uthayankr@ssn.edu.in','Grievance'),
  ('uthayankr@ssn.edu.in','Program Advisory Committee (UG - Member)'),
  ('uthayankr@ssn.edu.in','Board of Studies (UG - Member)'),
  ('joelouisi@ssn.edu.in','Board of Studies (UG - Member)'),
  ('joelouisi@ssn.edu.in','Alumni Incharge'),
  ('joelouisi@ssn.edu.in','Governing Bodies (AU / AICTE / UGC / NIRF)'),
  ('joelouisi@ssn.edu.in','Test Coordinator (IV Year)'),
  ('joelouisi@ssn.edu.in','Class Advisor (IV sem A - 2022-23)'),
  ('joelouisi@ssn.edu.in','Website / Social Media'),
  ('joelouisi@ssn.edu.in','Grievance'),
  ('malathyem@ssn.edu.in','Class Advisor (VII A - 2022-23)'),
  ('malathyem@ssn.edu.in','IoT Incharge'),
  ('malathyem@ssn.edu.in','Test Coordinator (PG)'),
  ('malathyem@ssn.edu.in','IQAC'),
  ('malathyem@ssn.edu.in','Guest Lecture / Value Added Course'),
  ('malathyem@ssn.edu.in','Accreditation (NBA / NAAC)'),
  ('radhan@ssn.edu.in', 'Time Table Incharge'),
  ('radhan@ssn.edu.in', 'Research Committee'),
  ('radhan@ssn.edu.in', 'AT Lab Incharge'),
  ('radhan@ssn.edu.in', 'Industry Interactions'),
  ('radhan@ssn.edu.in', 'Placement'),
  ('swathikar@ssn.edu.in', 'Faculty & Staff Information System'),
  ('swathikar@ssn.edu.in', 'Class Advisor(III A 2022-2023)'),
  ('swathikar@ssn.edu.in', 'PG Lab Incharge'),
  ('swathikar@ssn.edu.in', 'Student Feedback'),
  ('swathikar@ssn.edu.in', 'Infrastructure'),
  ('swathikar@ssn.edu.in', 'Guest Lecture/Value Added Course'),
  ('sandanakaruppana@ssn.edu.in', 'PG Lab Incharge'),
  ('sandanakaruppana@ssn.edu.in', 'Placement(PG,LE & SPURS)'),
  ('sandanakaruppana@ssn.edu.in', 'Extra-curricular Invente'),
  ('sandanakaruppana@ssn.edu.in', 'Infrastructure'),
  ('sandanakaruppana@ssn.edu.in', 'Guest Lecture/Value Added Course'),
  ('sandanakaruppana@ssn.edu.in', 'Class Advisor(VIII A 2022-2023)'),
  ('sandanakaruppana@ssn.edu.in', 'LMS'),
  ('arulkumarv@ssn.edu.in', 'Class Advisor(VII B 2022-2023)'),
  ('arulkumarv@ssn.edu.in', '4G Lab Incharge'),
  ('arulkumarv@ssn.edu.in', 'Placement'),
  ('arulkumarv@ssn.edu.in', 'Infrastructure'),
  ('arulkumarv@ssn.edu.in', 'Entrprenuer Development Cell'),
  ('sofiajenniferj@ssn.edu.in', 'Student Information System'),
  ('sofiajenniferj@ssn.edu.in', 'Research Committee(Sponsored Projects/Consultancy)'),
  ('sofiajenniferj@ssn.edu.in', 'Remedial Class for weak student'),
  ('sofiajenniferj@ssn.edu.in', 'OS Lab Incharge'),
  ('sofiajenniferj@ssn.edu.in', 'Magazine(IdentITy)'),
  ('gayathriks@ssn.edu.in', 'Charles Babbage Lab Incharge'),
  ('gayathriks@ssn.edu.in', 'NPTEL/Value Added Course/Honors'),
  ('gayathriks@ssn.edu.in', 'Student Information System'),
  ('gayathriks@ssn.edu.in', 'Research(IFP Faculty Progress Monitoring)'),
  ('gayathriks@ssn.edu.in', 'Alumni Incharge'),
  ('umamaheshwaris@ssn.edu.in', 'Remedial Class for weak student'),
  ('umamaheshwaris@ssn.edu.in', 'Class Advisor(III B 2022-2023)'),
  ('umamaheshwaris@ssn.edu.in', 'Research Committee(Publication)'),
  ('umamaheshwaris@ssn.edu.in', 'Research Lab Incharge'),
  ('umamaheshwaris@ssn.edu.in', 'End semester Lab Exam coordinator'),
  ('senthil@ssn.edu.in', 'LMS'),
  ('senthil@ssn.edu.in', 'Student Information System'),
  ('senthil@ssn.edu.in', 'Magazine(IdentITy)'),
  ('senthil@ssn.edu.in', 'NPTEL/Value Added Course/Honors'),
  ('senthil@ssn.edu.in', 'Website/Social Media'),
  ('senthil@ssn.edu.in', 'VN Lab Incharge'),
  ('josephinejulinajk@ssn.edu.in', 'Professional Bodies'),
  ('josephinejulinajk@ssn.edu.in', 'Grievance'),
  ('josephinejulinajk@ssn.edu.in', 'Faculty & Staff Information System'),
  ('josephinejulinajk@ssn.edu.in', 'Software Engineering Lab Incharge'),
  ('josephinejulinajk@ssn.edu.in', 'Remedial Class for weak student'),
  ('suganyae@ssn.edu.in', 'Monthly Activities'),
  ('suganyae@ssn.edu.in', 'End semester Lab Exam coordinator'),
  ('suganyae@ssn.edu.in', 'Remedial Class for weak student'),
  ('suganyae@ssn.edu.in', 'Department Library'),
  ('suganyae@ssn.edu.in', 'Website/Social Media'),
  ('sornavallig@ssn.edu.in','Class Advisor (VI A - 2022-23)'),
  ('sornavallig@ssn.edu.in','Student Information System'),
  ('sornavallig@ssn.edu.in','Center of Excellence'),
  ('sornavallig@ssn.edu.in','Internship'),
  ('sornavallig@ssn.edu.in','NPTEL / Value added course / Honors'),
  ('durgadeviv@ssn.edu.in','Minutes of Meeting & Copy of circular'),
  ('durgadeviv@ssn.edu.in','Internship'),
  ('durgadeviv@ssn.edu.in','IQAC'),
  ('durgadeviv@ssn.edu.in','Accreditation (NBA / NAAC)'),
  ('durgadeviv@ssn.edu.in','Research (IFP Student Progress Monitoring)'),
  ('saravanana@ssn.edu.in','Time Table Incharge'),
  ('saravanana@ssn.edu.in','Research Committee(Patent)'),
  ('saravanana@ssn.edu.in','End semester Lab Exam coordinator'),
  ('saravanana@ssn.edu.in','OS Lab Incharge'),
  ('saravanana@ssn.edu.in','Website / Social Media');